Boarding Location,Boarding Time,Bus Reference,Bus shift,Created User,Created Date,Customer,Event Id,Last Modified,Modified User,Route Name,Scan Failure Reason,Scan Status,Tenant name
muqvtv6kjgwul05,2026-09-08 10:39:11.536Z,MOCK BUS 2,17:46,ae5775fe-5ffc-44a4-8d57-39877b3f4976,2026-09-08 10:39:12.891Z,ae5775fe-5ffc-44a4-8d57-39877b3f4976,hulqzqhnyiutyne,,admin@mtel.co.th,One Bangkok - Tower 3,,success,ABC Mockup Company
muqvtv6kjgwul05,2026-09-08 10:17:08.741Z,MOCK BUS 2,17:15,ae5775fe-5ffc-44a4-8d57-39877b3f4976,2026-09-08 10:17:10.274Z,ae5775fe-5ffc-44a4-8d57-39877b3f4976,ucwz5lcy9pfv146,,admin@mtel.co.th,One Bangkok - Tower 3,,success,ABC Mockup Company
muqvtv6kjgwul05,2026-09-08 10:16:39.194Z,MOCK BUS 2,17:15,ae5775fe-5ffc-44a4-8d57-39877b3f4976,2026-09-08 10:16:41.147Z,ae5775fe-5ffc-44a4-8d57-39877b3f4976,kabuiqtk32ht9cb,,admin@mtel.co.th,One Bangkok - Tower 3,,success,ABC Mockup Company
muqvtv6kjgwul05,2026-09-08 10:14:59.753Z,MOCK BUS 2,17:15,ae5775fe-5ffc-44a4-8d57-39877b3f4976,2026-09-08 10:15:01.365Z,ae5775fe-5ffc-44a4-8d57-39877b3f4976,u862qcyez2krohx,,admin@mtel.co.th,One Bangkok - Tower 3,,success,ABC Mockup Company
muqvtv6kjgwul05,2026-09-08 10:10:43.581Z,MOCK BUS 2,17:15,ae5775fe-5ffc-44a4-8d57-39877b3f4976,2026-09-08 10:10:45.171Z,ae5775fe-5ffc-44a4-8d57-39877b3f4976,h4kljd1sv1cdxel,,admin@mtel.co.th,One Bangkok - Tower 3,,success,ABC Mockup Company
muqvtv6kjgwul05,2026-09-08 10:06:24.345Z,MOCK BUS 2,17:15,ae5775fe-5ffc-44a4-8d57-39877b3f4976,2026-09-08 10:06:25.997Z,ae5775fe-5ffc-44a4-8d57-39877b3f4976,ig9m3orknl0henj,,admin@mtel.co.th,One Bangkok - Tower 3,,success,ABC Mockup Company
muqvtv6kjgwul05,2026-09-08 10:01:03.530Z,MOCK BUS 2,17:00,ae5775fe-5ffc-44a4-8d57-39877b3f4976,2026-09-08 10:01:05.320Z,ae5775fe-5ffc-44a4-8d57-39877b3f4976,wk7dpxxy62emh9o,,admin@mtel.co.th,One Bangkok - Tower 3,,success,ABC Mockup Company
muqvtv6kjgwul05,2026-09-08 08:11:54.565Z,MOCK BUS 2,15:00,ae5775fe-5ffc-44a4-8d57-39877b3f4976,2026-09-08 08:11:56.470Z,ae5775fe-5ffc-44a4-8d57-39877b3f4976,dcggyt0dfkhmsyl,,admin@mtel.co.th,,,success,ABC Mockup Company
muqvtv6kjgwul05,2026-09-08 08:11:42.259Z,MOCK BUS 2,15:00,ae5775fe-5ffc-44a4-8d57-39877b3f4976,2026-09-08 08:11:44.090Z,ae5775fe-5ffc-44a4-8d57-39877b3f4976,sl0zvqvwpprdjr8,,admin@mtel.co.th,,,success,ABC Mockup Company
muqvtv6kjgwul05,2026-08-25 03:23:19.125Z,MOCK BUS,10:30,ae5775fe-5ffc-44a4-8d57-39877b3f4976,2026-08-25 03:23:19.126Z,ae5775fe-5ffc-44a4-8d57-39877b3f4976,ru6y961rywtas7u,,admin@mtel.co.th,,,success,ABC Mockup Company
